ID,Name,Email,Gender,Status
1366801,Gandharva Patel,patel_gandharva@champlin-bashirian.test,female,active
1359558,Suryakant Trivedi,suryakant_trivedi@kuvalis.example,male,active
1359557,Chidambar Pilla Esq.,pilla_chidambar_esq@sanford.example,male,active
1359555,Sher Saini DVM,saini_sher_dvm@hahn.example,female,inactive
1366796,Ghanshyam Butt D,butt_dvm_ghanshyam@howe.example,female,active
1359553,Subodh Shah,shah_subodh@cassin.example,male,active
1366795,Yoginder Dhawan,yoginder_dhawan@smith.test,female,inactive
1359552,Dr. Dhanu Guha,guha_dhanu_dr@hyatt-ortiz.test,male,inactive
1359554,Mr. Arjun Dwivedi,mr_dwivedi_arjun@schuster-goyette.test,male,active
1359551,Gotum Jain,jain_gotum@lind-labadie.example,female,active
